user_id,country,fetched_at
14613185,DE,2017-10-02
17232910,DE,2017-10-02
19063025,TR,2017-10-02
19813934,TR,2017-10-02
22356335,DE,2017-10-02
24661826,DE,2017-10-02
28955986,TR,2017-10-02
37020028,DE,2017-10-02
45913755,DE,2017-10-02
45961851,FR,2017-10-02
46072242,TR,2017-10-02
47624310,DE,2017-10-02
47952127,DE,2017-10-02
50797952,TR,2017-10-02
53842150,DE,2017-10-02
57734851,DE,2017-10-02
66732993,TR,2017-10-02
75276840,DE,2017-10-02
86665649,TR,2017-10-02
90579718,DE,2017-10-02
92460378,TR,2017-10-02
98250867,TR,2017-10-02
99295348,TR,2017-10-02
100283173,DE,2017-10-02
107984182,TR,2017-10-02
113289725,DE,2017-10-02
115550802,DE,2017-10-02
118082418,DE,2017-10-02
119183782,TR,2017-10-02
125023898,TR,2017-10-02
126758373,TR,2017-10-02
131139720,DE,2017-10-02
137333571,DE,2017-10-02
141641311,TR,2017-10-02
143849280,TR,2017-10-02
147360227,DE,2017-10-02
147528633,TR,2017-10-02
149800990,TR,2017-10-02
152418169,DE,2017-10-02
152852932,DE,2017-10-02
152852932,FR,2017-10-02
158758716,TR,2017-10-02
161600597,TR,2017-10-02
172001193,DE,2017-10-02
179130623,TR,2017-10-02
180113275,TR,2017-10-02
189935217,DE,2017-10-02
192768731,TR,2017-10-02
200115775,TR,2017-10-02
207398891,TR,2017-10-02
213555363,DE,2017-10-02
214470817,TR,2017-10-02
214544700,TR,2017-10-02
215584318,TR,2017-10-02
219259246,TR,2017-10-02
225418471,FR,2017-10-02
228023346,DE,2017-10-02
229060642,TR,2017-10-02
243726128,FR,2017-10-02
244980581,TR,2017-10-02
245879264,TR,2017-10-02
248829087,TR,2017-10-02
250160754,TR,2017-10-02
268647791,DE,2017-10-02
272383381,DE,2017-10-02
272383381,FR,2017-10-02
276016319,TR,2017-10-02
285994737,TR,2017-10-02
287843201,DE,2017-10-02
302111485,TR,2017-10-02
305655577,DE,2017-10-02
306462816,TR,2017-10-02
308258393,TR,2017-10-02
311118058,TR,2017-10-02
317734636,DE,2017-10-02
326003773,TR,2017-10-02
328243175,DE,2017-10-02
328243175,FR,2017-10-02
342300736,DE,2017-10-02
345157014,DE,2017-10-02
346612013,TR,2017-10-02
353066843,TR,2017-10-02
356388800,DE,2017-10-02
359058080,TR,2017-10-02
372179642,TR,2017-10-02
387813577,DE,2017-10-02
408759843,DE,2017-10-02
412086422,TR,2017-10-02
419658583,TR,2017-10-02
419660743,TR,2017-10-02
420542453,TR,2017-10-02
420629175,TR,2017-10-02
428741068,TR,2017-10-02
433462889,FR,2017-10-02
436240548,DE,2017-10-02
437436858,TR,2017-10-02
453467109,DE,2017-10-02
454388038,TR,2017-10-02
455830743,DE,2017-10-02
455830743,FR,2017-10-02
463851462,DE,2017-10-02
467715983,FR,2017-10-02
472334285,TR,2017-10-02
473865887,TR,2017-10-02
477889048,DE,2017-10-02
477889048,FR,2017-10-02
478170193,TR,2017-10-02
478808477,DE,2017-10-02
482838365,TR,2017-10-02
487834443,TR,2017-10-02
488018270,DE,2017-10-02
516971954,DE,2017-10-02
517775504,TR,2017-10-02
517971876,DE,2017-10-02
519149792,TR,2017-10-02
526110917,TR,2017-10-02
529559283,DE,2017-10-02
537948045,TR,2017-10-02
541302955,DE,2017-10-02
547185778,DE,2017-10-02
554626662,DE,2017-10-02
557635132,DE,2017-10-02
557931634,DE,2017-10-02
561100654,TR,2017-10-02
566273326,DE,2017-10-02
572906300,FR,2017-10-02
573854819,DE,2017-10-02
576052717,DE,2017-10-02
577483196,TR,2017-10-02
582276200,DE,2017-10-02
591403109,DE,2017-10-02
597769317,TR,2017-10-02
598748425,DE,2017-10-02
610008542,FR,2017-10-02
612754949,DE,2017-10-02
617874162,TR,2017-10-02
619772173,DE,2017-10-02
619772173,FR,2017-10-02
628545424,TR,2017-10-02
629715036,DE,2017-10-02
701962488,DE,2017-10-02
714083098,DE,2017-10-02
719362218,DE,2017-10-02
721816218,TR,2017-10-02
733696898,DE,2017-10-02
735086172,TR,2017-10-02
739498075,FR,2017-10-02
741869749,DE,2017-10-02
773092873,TR,2017-10-02
796815644,DE,2017-10-02
815002106,TR,2017-10-02
827421830,TR,2017-10-02
833234856,DE,2017-10-02
869922199,DE,2017-10-02
873482893,FR,2017-10-02
892929278,DE,2017-10-02
903757952,TR,2017-10-02
919599236,FR,2017-10-02
926782934,DE,2017-10-02
930286826,TR,2017-10-02
939773436,DE,2017-10-02
944288473,TR,2017-10-02
954124423,DE,2017-10-02
954124423,FR,2017-10-02
958020944,DE,2017-10-02
963106200,TR,2017-10-02
975876834,TR,2017-10-02
977033918,TR,2017-10-02
1012058653,TR,2017-10-02
1021095506,TR,2017-10-02
1024823059,DE,2017-10-02
1024823059,FR,2017-10-02
1042430628,DE,2017-10-02
1057632055,DE,2017-10-02
1076951184,TR,2017-10-02
1103715715,DE,2017-10-02
1112345178,FR,2017-10-02
1115175216,DE,2017-10-02
1135496646,DE,2017-10-02
1137779952,TR,2017-10-02
1169420605,TR,2017-10-02
1295749147,DE,2017-10-02
1311865598,DE,2017-10-02
1329815682,DE,2017-10-02
1354978568,FR,2017-10-02
1390628462,DE,2017-10-02
1407124214,DE,2017-10-02
1414568456,DE,2017-10-02
1414568456,FR,2017-10-02
1436356338,DE,2017-10-02
1447296895,FR,2017-10-02
1467566838,FR,2017-10-02
1468618784,DE,2017-10-02
1481526582,DE,2017-10-02
1493619222,FR,2017-10-02
1523542447,DE,2017-10-02
1536657750,TR,2017-10-02
1545592274,TR,2017-10-02
1554897007,DE,2017-10-02
1560924338,DE,2017-10-02
1561651699,TR,2017-10-02
1570217083,DE,2017-10-02
1587729661,DE,2017-10-02
1605836610,TR,2017-10-02
1618946898,DE,2017-10-02
1707759692,TR,2017-10-02
1728451099,TR,2017-10-02
1846424251,TR,2017-10-02
1851153829,TR,2017-10-02
1898641770,FR,2017-10-02
1898641770,GB,2017-10-02
1955646103,DE,2017-10-02
1977202770,DE,2017-10-02
1977202770,FR,2017-10-02
2160931265,DE,2017-10-02
2167525794,DE,2017-10-02
2167525794,FR,2017-10-02
2177203419,DE,2017-10-02
2178065480,DE,2017-10-02
2193826880,DE,2017-10-02
2199377401,TR,2017-10-02
2202695363,TR,2017-10-02
2205302725,TR,2017-10-02
2214733202,TR,2017-10-02
2218512726,TR,2017-10-02
2227837782,TR,2017-10-02
2234936389,TR,2017-10-02
2236703862,TR,2017-10-02
2239169808,TR,2017-10-02
2244082586,TR,2017-10-02
2249391032,TR,2017-10-02
2252893931,TR,2017-10-02
2255279389,TR,2017-10-02
2271429854,TR,2017-10-02
2272827263,DE,2017-10-02
2279231970,DE,2017-10-02
2291568336,FR,2017-10-02
2291600034,TR,2017-10-02
2300079561,TR,2017-10-02
2302447766,DE,2017-10-02
2303144886,DE,2017-10-02
2335159042,TR,2017-10-02
2355821750,TR,2017-10-02
2357055083,DE,2017-10-02
2367748416,DE,2017-10-02
2380337685,TR,2017-10-02
2398658958,DE,2017-10-02
2402257837,DE,2017-10-02
2422775929,TR,2017-10-02
2426150846,TR,2017-10-02
2443877819,TR,2017-10-02
2445809510,TR,2017-10-02
2465810332,TR,2017-10-02
2473757377,TR,2017-10-02
2487016577,DE,2017-10-02
2499514000,DE,2017-10-02
2508427920,TR,2017-10-02
2535389102,DE,2017-10-02
2556146318,DE,2017-10-02
2562752942,RU,2017-10-02
2582249678,FR,2017-10-02
2592813667,FR,2017-10-02
2597902411,DE,2017-10-02
2601822318,DE,2017-10-02
2601822318,FR,2017-10-02
2612891262,DE,2017-10-02
2612891262,FR,2017-10-02
2645335052,DE,2017-10-02
2645335052,FR,2017-10-02
2654913498,DE,2017-10-02
2665585680,FR,2017-10-02
2699435977,FR,2017-10-02
2708095194,DE,2017-10-02
2721104465,TR,2017-10-02
2748378747,DE,2017-10-02
2748378747,FR,2017-10-02
2751830174,RU,2017-10-02
2752052868,RU,2017-10-02
2760408827,TR,2017-10-02
2761410968,DE,2017-10-02
2764056278,DE,2017-10-02
2770388883,TR,2017-10-02
2800446737,FR,2017-10-02
2810555715,DE,2017-10-02
2838002775,DE,2017-10-02
2845256104,DE,2017-10-02
2852359916,IN,2017-10-02
2862557289,FR,2017-10-02
2872152597,DE,2017-10-02
2872152597,FR,2017-10-02
2872195728,DE,2017-10-02
2878483108,DE,2017-10-02
2880636677,TR,2017-10-02
2894398433,FR,2017-10-02
2897665331,TR,2017-10-02
2904688835,DE,2017-10-02
2921594038,TR,2017-10-02
2940598121,DE,2017-10-02
2942495926,DE,2017-10-02
2942495926,FR,2017-10-02
2949499963,DE,2017-10-02
2966128913,FR,2017-10-02
2971339395,FR,2017-10-02
2978688283,DE,2017-10-02
2987922868,DE,2017-10-02
2991618189,DE,2017-10-02
2992450655,DE,2017-10-02
3003013115,GB,2017-10-02
3011152545,TR,2017-10-02
3011572793,DE,2017-10-02
3016015905,DE,2017-10-02
3016015905,FR,2017-10-02
3040290999,TR,2017-10-02
3047998216,FR,2017-10-02
3055875910,TR,2017-10-02
3072592149,TR,2017-10-02
3074775040,TR,2017-10-02
3078227409,GB,2017-10-02
3089155533,DE,2017-10-02
3095524177,DE,2017-10-02
3101985905,DE,2017-10-02
3125068449,DE,2017-10-02
3125483308,DE,2017-10-02
3142120991,DE,2017-10-02
3145730118,DE,2017-10-02
3145730118,FR,2017-10-02
3152859323,DE,2017-10-02
3170664505,TR,2017-10-02
3179893455,DE,2017-10-02
3181210090,DE,2017-10-02
3183662174,DE,2017-10-02
3184442607,DE,2017-10-02
3206347137,DE,2017-10-02
3236978297,DE,2017-10-02
3249476616,DE,2017-10-02
3250037172,RU,2017-10-02
3258672493,FR,2017-10-02
3261810407,DE,2017-10-02
3267995976,DE,2017-10-02
3292869325,DE,2017-10-02
3292869325,FR,2017-10-02
3294058472,FR,2017-10-02
3302728394,DE,2017-10-02
3303442984,DE,2017-10-02
3317143817,TR,2017-10-02
3324206165,FR,2017-10-02
3348747657,DE,2017-10-02
3349022174,DE,2017-10-02
3349022174,FR,2017-10-02
3349682675,DE,2017-10-02
3402541751,FR,2017-10-02
3416682467,DE,2017-10-02
3424777329,DE,2017-10-02
3424807906,DE,2017-10-02
3439451811,DE,2017-10-02
3589555942,DE,2017-10-02
3643846756,DE,2017-10-02
3709329729,DE,2017-10-02
3743411477,DE,2017-10-02
3804691753,DE,2017-10-02
3845874567,DE,2017-10-02
3845874567,FR,2017-10-02
3853626621,FR,2017-10-02
3860286617,DE,2017-10-02
3974933355,DE,2017-10-02
4027061541,FR,2017-10-02
4031875516,FR,2017-10-02
4054516822,DE,2017-10-02
4055872154,TR,2017-10-02
4060516103,FR,2017-10-02
4062503472,DE,2017-10-02
4075563916,DE,2017-10-02
4079553904,DE,2017-10-02
4195988602,DE,2017-10-02
4204857226,RU,2017-10-02
4236271459,FR,2017-10-02
4253738645,DE,2017-10-02
4284243676,FR,2017-10-02
4329633554,DE,2017-10-02
4341845536,TR,2017-10-02
4346228961,DE,2017-10-02
4373238021,DE,2017-10-02
4393831240,DE,2017-10-02
4425662357,TR,2017-10-02
4442448087,DE,2017-10-02
4471763674,FR,2017-10-02
4504169835,FR,2017-10-02
4601249956,TR,2017-10-02
4613271885,DE,2017-10-02
4628092699,DE,2017-10-02
4655659577,TR,2017-10-02
4679018610,DE,2017-10-02
4698360012,DE,2017-10-02
4704774560,DE,2017-10-02
4714991253,DE,2017-10-02
4733231055,DE,2017-10-02
4733231055,FR,2017-10-02
4734875729,DE,2017-10-02
4737300153,DE,2017-10-02
4751576283,TR,2017-10-02
4768500208,DE,2017-10-02
4773111514,DE,2017-10-02
4792028820,DE,2017-10-02
4821480370,DE,2017-10-02
4828047689,DE,2017-10-02
4836218146,DE,2017-10-02
4846701639,DE,2017-10-02
4853299955,DE,2017-10-02
4909948916,DE,2017-10-02
4920535947,TR,2017-10-02
700972812719280128,FR,2017-10-02
701150147049181184,DE,2017-10-02
701581697679110145,DE,2017-10-02
702674116931768320,DE,2017-10-02
703380528867713024,TR,2017-10-02
703846508811022337,DE,2017-10-02
704434961030516736,DE,2017-10-02
705165834524696577,DE,2017-10-02
705165834524696577,FR,2017-10-02
707715641118162944,DE,2017-10-02
708999538254729216,DE,2017-10-02
708999538254729216,FR,2017-10-02
711837668091551744,DE,2017-10-02
712414600717799426,DE,2017-10-02
713376483465568256,DE,2017-10-02
713795902239084545,DE,2017-10-02
713795902239084545,FR,2017-10-02
713916612269760512,FR,2017-10-02
715603871951753216,DE,2017-10-02
719207300985143296,DE,2017-10-02
719514085986054144,DE,2017-10-02
721801354696597504,DE,2017-10-02
722915786969329665,DE,2017-10-02
723206253296640000,TR,2017-10-02
724955143905619972,DE,2017-10-02
724984265994285056,TR,2017-10-02
725224920146288640,FR,2017-10-02
726387179103109125,DE,2017-10-02
726387179103109125,FR,2017-10-02
729324817694908416,TR,2017-10-02
729789047451848704,DE,2017-10-02
730006598219878401,DE,2017-10-02
730634191583449088,DE,2017-10-02
730634191583449088,FR,2017-10-02
731514249047085056,DE,2017-10-02
731973352466718725,DE,2017-10-02
732696307274526720,FR,2017-10-02
732726507676672000,DE,2017-10-02
733078044311707649,FR,2017-10-02
733320470427230208,DE,2017-10-02
733768389936709632,DE,2017-10-02
734686889156837376,FR,2017-10-02
734755116780249089,DE,2017-10-02
734755116780249089,FR,2017-10-02
736007622608949248,DE,2017-10-02
736089309271330819,DE,2017-10-02
737208516910419969,DE,2017-10-02
737679764211814400,FR,2017-10-02
739404718959558656,DE,2017-10-02
739404718959558656,FR,2017-10-02
739515266749616128,DE,2017-10-02
740254308285960192,DE,2017-10-02
741791331031220225,DE,2017-10-02
741965299960799232,DE,2017-10-02
742090535020732420,DE,2017-10-02
742141184626167808,DE,2017-10-02
743202208980832256,DE,2017-10-02
745344798861713408,DE,2017-10-02
747898810391736322,TR,2017-10-02
748506529087750144,DE,2017-10-02
748644008176533504,FR,2017-10-02
751482453534056449,DE,2017-10-02
753336751951839238,DE,2017-10-02
753336751951839238,FR,2017-10-02
753466931529809920,DE,2017-10-02
753611993114894336,DE,2017-10-02
756144262023000066,TR,2017-10-02
758508803679739904,DE,2017-10-02
758547150217371648,DE,2017-10-02
758747510177304576,DE,2017-10-02
759297396438425600,TR,2017-10-02
759373903835828224,DE,2017-10-02
760324968928321536,TR,2017-10-02
760497714652151808,TR,2017-10-02
761783789353705472,DE,2017-10-02
763730245061140480,TR,2017-10-02
765700557508141057,DE,2017-10-02
765700557508141057,FR,2017-10-02
769190070326661120,DE,2017-10-02
769299805717889024,DE,2017-10-02
769299805717889024,FR,2017-10-02
769897806215512064,DE,2017-10-02
769897806215512064,FR,2017-10-02
770249229705043968,DE,2017-10-02
773403568674144256,DE,2017-10-02
773568191079583745,DE,2017-10-02
773908134414979072,DE,2017-10-02
777334932389625856,DE,2017-10-02
778850435067211776,DE,2017-10-02
778850435067211776,FR,2017-10-02
779349334240264192,TR,2017-10-02
779636716944646145,DE,2017-10-02
780344125522604032,TR,2017-10-02
780598835764539392,DE,2017-10-02
780598835764539392,FR,2017-10-02
781277191778754560,DE,2017-10-02
782640954293440512,DE,2017-10-02
782640954293440512,FR,2017-10-02
783003310219464704,TR,2017-10-02
783303263168913408,FR,2017-10-02
783496207175790592,DE,2017-10-02
786166346623033344,DE,2017-10-02
790099592985583617,TR,2017-10-02
793357303584059392,DE,2017-10-02
793947232949170180,DE,2017-10-02
793947232949170180,FR,2017-10-02
796885686569889793,DE,2017-10-02
798583364055891972,FR,2017-10-02
801324039813943296,TR,2017-10-02
802315319385686016,DE,2017-10-02
802315319385686016,FR,2017-10-02
803491362435989504,FR,2017-10-02
804851761647218688,DE,2017-10-02
804851761647218688,FR,2017-10-02
806842705561133056,DE,2017-10-02
809949789219602432,FR,2017-10-02
810960059341611008,DE,2017-10-02
811145990141050880,DE,2017-10-02
811193749544071173,DE,2017-10-02
811354820997042176,DE,2017-10-02
811354820997042176,FR,2017-10-02
811421571642322944,DE,2017-10-02
813487405550407681,DE,2017-10-02
813914393788481540,DE,2017-10-02
813914393788481540,FR,2017-10-02
814127006342385664,DE,2017-10-02
814540174369681408,DE,2017-10-02
814540174369681408,FR,2017-10-02
814685570496663553,DE,2017-10-02
814728268452679680,DE,2017-10-02
814728268452679680,FR,2017-10-02
815360353198428160,TR,2017-10-02
815628894782881792,DE,2017-10-02
815976804343128064,DE,2017-10-02
815976804343128064,FR,2017-10-02
816647680805900288,DE,2017-10-02
816976607873236992,DE,2017-10-02
817825125911371780,DE,2017-10-02
817825125911371780,FR,2017-10-02
820352450100101122,DE,2017-10-02
820602337156808705,DE,2017-10-02
820639994998128641,DE,2017-10-02
821109677979115520,DE,2017-10-02
821525025530355712,DE,2017-10-02
822423903112929280,TR,2017-10-02
822583765121830914,TR,2017-10-02
822868557394542592,DE,2017-10-02
822868557394542592,FR,2017-10-02
824730149988036609,DE,2017-10-02
824974298402152448,DE,2017-10-02
825208695197880323,FR,2017-10-02
825779264909930496,DE,2017-10-02
828755750038142976,DE,2017-10-02
828755750038142976,FR,2017-10-02
829734079348273152,TR,2017-10-02
833965138923372544,DE,2017-10-02
835167775458983936,FR,2017-10-02
838446067280670720,DE,2017-10-02
839214635001618432,FR,2017-10-02
839935334343454720,DE,2017-10-02
839935334343454720,FR,2017-10-02
840023646458523649,DE,2017-10-02
840023646458523649,FR,2017-10-02
840276040417181697,FR,2017-10-02
841378607989682182,DE,2017-10-02
841402626063372288,DE,2017-10-02
841753436160954371,DE,2017-10-02
841753436160954371,FR,2017-10-02
843124666931822592,TR,2017-10-02
843479213755785216,DE,2017-10-02
844592341008760833,DE,2017-10-02
846062017521737728,DE,2017-10-02
846757681859891201,DE,2017-10-02
847159867009847297,DE,2017-10-02
847990436845191168,DE,2017-10-02
849700654176239618,DE,2017-10-02
850503203418365953,DE,2017-10-02
850787508204052480,DE,2017-10-02
850915588885147648,DE,2017-10-02
851009053492957184,DE,2017-10-02
851166403331858432,DE,2017-10-02
851166403331858432,FR,2017-10-02
851236012240097280,DE,2017-10-02
851236012240097280,FR,2017-10-02
851534917121040384,DE,2017-10-02
851540338552430592,FR,2017-10-02
851864931930714112,DE,2017-10-02
852001066459684864,DE,2017-10-02
852194432363487234,DE,2017-10-02
853806986554732545,DE,2017-10-02
854060981978378240,TR,2017-10-02
855185257976524800,DE,2017-10-02
855446945455759360,DE,2017-10-02
856777645186351105,DE,2017-10-02
857212048861782017,FR,2017-10-02
858081042472808450,DE,2017-10-02
858099963292778497,DE,2017-10-02
859526102951350273,DE,2017-10-02
859545350549450752,DE,2017-10-02
860172166154866689,DE,2017-10-02
860551472379031552,FR,2017-10-02
860884465198940161,DE,2017-10-02
860922101561253888,FR,2017-10-02
861102840537853953,FR,2017-10-02
861316427721998336,DE,2017-10-02
861316427721998336,FR,2017-10-02
861731577751121921,TR,2017-10-02
861902687750770688,DE,2017-10-02
862015300715282432,DE,2017-10-02
862129713644527616,DE,2017-10-02
862836808945741825,DE,2017-10-02
863779072803033088,FR,2017-10-02
864890543477751809,FR,2017-10-02
864926049305591808,DE,2017-10-02
865176739990851584,DE,2017-10-02
865176739990851584,FR,2017-10-02
865263980750811138,DE,2017-10-02
866070240328695808,DE,2017-10-02
866456133556457472,DE,2017-10-02
866902446404141056,DE,2017-10-02
867064763049750528,FR,2017-10-02
867148141610586117,DE,2017-10-02
867652390614437889,DE,2017-10-02
867652390614437889,FR,2017-10-02
867833801686122496,DE,2017-10-02
869304972537724928,DE,2017-10-02
869456571822206976,DE,2017-10-02
870234251165392896,DE,2017-10-02
870341509824094210,DE,2017-10-02
872893162171322369,DE,2017-10-02
874300774607663105,DE,2017-10-02
874300774607663105,FR,2017-10-02
874414880278933504,FR,2017-10-02
874538561755901952,DE,2017-10-02
874588809052262400,DE,2017-10-02
874671125988601856,DE,2017-10-02
874708720625823744,DE,2017-10-02
875121964297449473,DE,2017-10-02
875769139662606336,DE,2017-10-02
876253192492687361,DE,2017-10-02
877180175938670592,DE,2017-10-02
877180175938670592,FR,2017-10-02
877214887512072192,FR,2017-10-02
877295139181535238,DE,2017-10-02
877921284193169408,DE,2017-10-02
878988515006189569,DE,2017-10-02
879210901416550400,DE,2017-10-02
879540514722168832,DE,2017-10-02
879540514722168832,FR,2017-10-02
879572892408844292,DE,2017-10-02
879572892408844292,FR,2017-10-02
879753406692372481,DE,2017-10-02
879753406692372481,FR,2017-10-02
879845182002384896,FR,2017-10-02
880106626379894784,DE,2017-10-02
880369219489148928,DE,2017-10-02
880497872281751552,DE,2017-10-02
880497872281751552,FR,2017-10-02
883057898359857153,DE,2017-10-02
883057898359857153,FR,2017-10-02
883827473892462592,DE,2017-10-02
884790966678429696,DE,2017-10-02
884798603323113472,DE,2017-10-02
885254083162124288,DE,2017-10-02
885254083162124288,FR,2017-10-02
886961400706367488,DE,2017-10-02
887757314714980353,FR,2017-10-02
887788681683234817,DE,2017-10-02
888829579816615936,DE,2017-10-02
890034043701665793,DE,2017-10-02
890034043701665793,FR,2017-10-02
891030911575314432,DE,2017-10-02
892295275716395009,DE,2017-10-02
893936922644566016,DE,2017-10-02
894137751066562560,DE,2017-10-02
894137751066562560,FR,2017-10-02
894285729488044032,DE,2017-10-02
894285729488044032,FR,2017-10-02
896522184688009217,FR,2017-10-02
896881455825121284,DE,2017-10-02
896885341495468032,DE,2017-10-02
897519412995141633,DE,2017-10-02
898275660568854528,DE,2017-10-02
898381357243486208,DE,2017-10-02
898579909920018432,DE,2017-10-02
898622922729824256,DE,2017-10-02
898622922729824256,FR,2017-10-02
902640201192923136,DE,2017-10-02
902646246736670720,DE,2017-10-02
902646246736670720,FR,2017-10-02
905775640795914241,DE,2017-10-02
905775640795914241,FR,2017-10-02
909100531502678017,DE,2017-10-02
909187341700534273,DE,2017-10-02
910963905052024832,DE,2017-10-02
43848543,TR,2017-10-03
47041626,TR,2017-10-03
48304732,TR,2017-10-03
49946953,TR,2017-10-03
54581571,TR,2017-10-03
55931558,TR,2017-10-03
61571074,TR,2017-10-03
63098067,TR,2017-10-03
68770294,DE,2017-10-03
83669126,TR,2017-10-03
87534715,TR,2017-10-03
94900489,TR,2017-10-03
96360512,TR,2017-10-03
102645247,TR,2017-10-03
108722820,TR,2017-10-03
108902130,TR,2017-10-03
110765613,TR,2017-10-03
118667011,TR,2017-10-03
122317808,TR,2017-10-03
131121640,TR,2017-10-03
139070462,TR,2017-10-03
162514125,TR,2017-10-03
182112983,DE,2017-10-03
193658840,TR,2017-10-03
197727842,TR,2017-10-03
197936403,TR,2017-10-03
198436154,TR,2017-10-03
203394708,DE,2017-10-03
210017099,TR,2017-10-03
210903844,TR,2017-10-03
214899437,TR,2017-10-03
215943860,TR,2017-10-03
225031378,TR,2017-10-03
230787783,TR,2017-10-03
235571941,TR,2017-10-03
245074961,TR,2017-10-03
247495419,RU,2017-10-03
256969897,TR,2017-10-03
265113271,TR,2017-10-03
265944968,TR,2017-10-03
269679756,TR,2017-10-03
271593871,TR,2017-10-03
273362537,TR,2017-10-03
273648929,TR,2017-10-03
282878904,TR,2017-10-03
283439909,TR,2017-10-03
284059919,TR,2017-10-03
291273472,DE,2017-10-03
292857486,TR,2017-10-03
297872828,RU,2017-10-03
309957858,TR,2017-10-03
321693960,TR,2017-10-03
323105227,TR,2017-10-03
338459738,TR,2017-10-03
345742121,DE,2017-10-03
348366263,TR,2017-10-03
372410604,TR,2017-10-03
372718169,DE,2017-10-03
378681081,TR,2017-10-03
384499559,TR,2017-10-03
384592907,TR,2017-10-03
388818271,TR,2017-10-03
394147291,TR,2017-10-03
395461418,RU,2017-10-03
395546878,DE,2017-10-03
399601668,TR,2017-10-03
404687826,TR,2017-10-03
405387961,TR,2017-10-03
409455361,TR,2017-10-03
410740012,TR,2017-10-03
413155245,TR,2017-10-03
414881623,TR,2017-10-03
418664573,TR,2017-10-03
421049794,TR,2017-10-03
435725661,TR,2017-10-03
438744360,TR,2017-10-03
450601261,TR,2017-10-03
450751811,TR,2017-10-03
456964775,RU,2017-10-03
458481670,TR,2017-10-03
458640978,TR,2017-10-03
459166200,TR,2017-10-03
462128185,TR,2017-10-03
463253648,TR,2017-10-03
467475696,TR,2017-10-03
469190482,TR,2017-10-03
471157865,TR,2017-10-03
476129032,TR,2017-10-03
487660641,TR,2017-10-03
490417568,TR,2017-10-03
494829052,FR,2017-10-03
499082549,DE,2017-10-03
499082549,FR,2017-10-03
499595164,TR,2017-10-03
501844811,TR,2017-10-03
503069889,DE,2017-10-03
507864255,TR,2017-10-03
511546010,TR,2017-10-03
516578419,TR,2017-10-03
534377576,TR,2017-10-03
535249398,TR,2017-10-03
538397866,TR,2017-10-03
540353510,TR,2017-10-03
549201914,DE,2017-10-03
551362418,TR,2017-10-03
552867482,TR,2017-10-03
556157752,TR,2017-10-03
556307338,DE,2017-10-03
559363470,TR,2017-10-03
559873960,DE,2017-10-03
568596416,TR,2017-10-03
584578841,TR,2017-10-03
586163145,TR,2017-10-03
596430228,TR,2017-10-03
600850486,FR,2017-10-03
605743417,TR,2017-10-03
605782148,DE,2017-10-03
618011830,TR,2017-10-03
709976741,TR,2017-10-03
717680756,TR,2017-10-03
740328031,TR,2017-10-03
741822025,TR,2017-10-03
763632175,TR,2017-10-03
773522234,TR,2017-10-03
779902664,TR,2017-10-03
787988695,TR,2017-10-03
845909546,TR,2017-10-03
857896058,TR,2017-10-03
864394117,DE,2017-10-03
864677707,TR,2017-10-03
868754606,TR,2017-10-03
875307007,TR,2017-10-03
895169611,TR,2017-10-03
919475088,TR,2017-10-03
927512538,TR,2017-10-03
935445458,TR,2017-10-03
942490016,TR,2017-10-03
944282335,TR,2017-10-03
970231896,TR,2017-10-03
994416212,TR,2017-10-03
995588406,TR,2017-10-03
1006269133,DE,2017-10-03
1016063701,TR,2017-10-03
1029471553,TR,2017-10-03
1038078139,TR,2017-10-03
1041185677,DE,2017-10-03
1076181126,TR,2017-10-03
1080525302,TR,2017-10-03
1118515620,TR,2017-10-03
1158428161,TR,2017-10-03
1161316430,TR,2017-10-03
1170458268,TR,2017-10-03
1189684484,TR,2017-10-03
1198835713,TR,2017-10-03
1272921762,RU,2017-10-03
1288644836,TR,2017-10-03
1288647019,TR,2017-10-03
1394994842,TR,2017-10-03
1400169241,TR,2017-10-03
1428114830,TR,2017-10-03
1429283636,TR,2017-10-03
1446916183,DE,2017-10-03
1455117540,TR,2017-10-03
1455611089,TR,2017-10-03
1486184900,TR,2017-10-03
1491945516,DE,2017-10-03
1493926051,DE,2017-10-03
1529159040,RU,2017-10-03
1530736134,TR,2017-10-03
1534842866,TR,2017-10-03
1552328994,RU,2017-10-03
1582848648,TR,2017-10-03
1591646137,DE,2017-10-03
1591646137,FR,2017-10-03
1604469463,TR,2017-10-03
1605803646,DE,2017-10-03
1606116242,TR,2017-10-03
1625123641,TR,2017-10-03
1632669680,TR,2017-10-03
1633299391,TR,2017-10-03
1634200159,TR,2017-10-03
1668569444,TR,2017-10-03
1679318942,TR,2017-10-03
1705944084,TR,2017-10-03
1731656120,TR,2017-10-03
1860629066,TR,2017-10-03
1864414046,TR,2017-10-03
1889899296,DE,2017-10-03
1898068646,TR,2017-10-03
1927671576,TR,2017-10-03
1955259362,TR,2017-10-03
1960233889,TR,2017-10-03
1978536174,TR,2017-10-03
2160688460,TR,2017-10-03
2166411026,TR,2017-10-03
2168758856,TR,2017-10-03
2180833377,TR,2017-10-03
2190516172,TR,2017-10-03
2198510467,TR,2017-10-03
2201298326,TR,2017-10-03
2204006713,TR,2017-10-03
2204952242,TR,2017-10-03
2214832998,TR,2017-10-03
2216789647,TR,2017-10-03
2226671227,TR,2017-10-03
2229743478,RU,2017-10-03
2251891789,TR,2017-10-03
2259863137,TR,2017-10-03
2261358462,TR,2017-10-03
2269410145,TR,2017-10-03
2269688979,TR,2017-10-03
2274541872,TR,2017-10-03
2297757072,TR,2017-10-03
2301909446,RU,2017-10-03
2305622149,RU,2017-10-03
2306253432,TR,2017-10-03
2310829413,TR,2017-10-03
2318874302,TR,2017-10-03
2333712282,DE,2017-10-03
2340758401,TR,2017-10-03
2351002264,TR,2017-10-03
2352260816,TR,2017-10-03
2354700919,TR,2017-10-03
2356447032,TR,2017-10-03
2363134872,RU,2017-10-03
2385386636,TR,2017-10-03
2385457457,TR,2017-10-03
2390278237,DE,2017-10-03
2391951356,DE,2017-10-03
2400684383,TR,2017-10-03
2403119414,TR,2017-10-03
2405348796,TR,2017-10-03
2426191574,TR,2017-10-03
2426967892,TR,2017-10-03
2428896685,TR,2017-10-03
2445864822,RU,2017-10-03
2456248688,TR,2017-10-03
2458564934,TR,2017-10-03
2459516192,TR,2017-10-03
2461449112,TR,2017-10-03
2464744725,TR,2017-10-03
2470536999,TR,2017-10-03
2480155208,TR,2017-10-03
2483631042,TR,2017-10-03
2499326604,TR,2017-10-03
2511233055,TR,2017-10-03
2516088829,TR,2017-10-03
2523369555,TR,2017-10-03
2543757834,TR,2017-10-03
2575621397,TR,2017-10-03
2580789127,FR,2017-10-03
2604234517,TR,2017-10-03
2612009235,TR,2017-10-03
2612733135,TR,2017-10-03
2641557117,DE,2017-10-03
2691146245,TR,2017-10-03
2716969092,RU,2017-10-03
2721640627,TR,2017-10-03
2731890517,DE,2017-10-03
2734487861,TR,2017-10-03
2742565564,TR,2017-10-03
2744836071,TR,2017-10-03
2749144292,TR,2017-10-03
2755430545,TR,2017-10-03
2756150495,TR,2017-10-03
2758156856,TR,2017-10-03
2764850135,DE,2017-10-03
2772183867,TR,2017-10-03
2776783461,TR,2017-10-03
2782120142,TR,2017-10-03
2784456429,TR,2017-10-03
2788005287,TR,2017-10-03
2796915586,TR,2017-10-03
2797001602,TR,2017-10-03
2797446346,TR,2017-10-03
2798022131,TR,2017-10-03
2799759341,TR,2017-10-03
2800030829,TR,2017-10-03
2812715714,DE,2017-10-03
2815703361,TR,2017-10-03
2819227227,TR,2017-10-03
2821230753,TR,2017-10-03
2822734563,TR,2017-10-03
2837399020,TR,2017-10-03
2845186269,TR,2017-10-03
2845377100,RU,2017-10-03
2846509376,TR,2017-10-03
2857575905,TR,2017-10-03
2858570706,TR,2017-10-03
2860037494,TR,2017-10-03
2860227384,TR,2017-10-03
2870950346,TR,2017-10-03
2873735931,TR,2017-10-03
2876878477,TR,2017-10-03
2882435236,TR,2017-10-03
2887690213,TR,2017-10-03
2893842586,TR,2017-10-03
2907606317,TR,2017-10-03
2910107578,TR,2017-10-03
2914669697,TR,2017-10-03
2915368046,TR,2017-10-03
2922868647,TR,2017-10-03
2923592037,TR,2017-10-03
2932835906,TR,2017-10-03
2948800306,TR,2017-10-03
2950776783,TR,2017-10-03
2956725915,TR,2017-10-03
2961800735,TR,2017-10-03
2967483587,RU,2017-10-03
2970395655,TR,2017-10-03
2982675731,TR,2017-10-03
2986283806,TR,2017-10-03
2997546808,DE,2017-10-03
2999535033,RU,2017-10-03
3004110245,TR,2017-10-03
3020659335,TR,2017-10-03
3023206841,TR,2017-10-03
3029614684,FR,2017-10-03
3038167409,TR,2017-10-03
3040884173,TR,2017-10-03
3054088452,TR,2017-10-03
3070920923,TR,2017-10-03
3090769041,TR,2017-10-03
3100616578,TR,2017-10-03
3122580326,DE,2017-10-03
3123634925,TR,2017-10-03
3142112805,TR,2017-10-03
3149317209,TR,2017-10-03
3157860147,TR,2017-10-03
3173184947,TR,2017-10-03
3177141105,TR,2017-10-03
3180372395,FR,2017-10-03
3217159971,TR,2017-10-03
3227544259,TR,2017-10-03
3244383129,TR,2017-10-03
3244841338,TR,2017-10-03
3244921294,TR,2017-10-03
3269015582,TR,2017-10-03
3293058996,RU,2017-10-03
3293275184,TR,2017-10-03
3295306256,TR,2017-10-03
3296027126,TR,2017-10-03
3296159942,TR,2017-10-03
3300266884,TR,2017-10-03
3300575992,TR,2017-10-03
3302187562,TR,2017-10-03
3302455838,TR,2017-10-03
3302784776,TR,2017-10-03
3306351659,DE,2017-10-03
3310244013,TR,2017-10-03
3315686085,TR,2017-10-03
3317846890,TR,2017-10-03
3329327533,TR,2017-10-03
3330077741,TR,2017-10-03
3331284077,TR,2017-10-03
3332897123,TR,2017-10-03
3339348972,TR,2017-10-03
3346158010,TR,2017-10-03
3346642625,TR,2017-10-03
3351019889,TR,2017-10-03
3353996980,DE,2017-10-03
3364479551,TR,2017-10-03
3371515840,TR,2017-10-03
3371993933,TR,2017-10-03
3382954127,TR,2017-10-03
3386116115,TR,2017-10-03
3388179645,TR,2017-10-03
3394717989,TR,2017-10-03
3397736362,TR,2017-10-03
3397747552,TR,2017-10-03
3398538064,TR,2017-10-03
3401486913,TR,2017-10-03
3402304499,TR,2017-10-03
3402723353,TR,2017-10-03
3419559293,TR,2017-10-03
3419982664,TR,2017-10-03
3421345493,TR,2017-10-03
3423770680,TR,2017-10-03
3426772337,TR,2017-10-03
3431620815,TR,2017-10-03
3454996456,TR,2017-10-03
3484509976,TR,2017-10-03
3492121156,RU,2017-10-03
3532549816,TR,2017-10-03
3544758563,TR,2017-10-03
3554038277,TR,2017-10-03
3577941083,TR,2017-10-03
3589898787,TR,2017-10-03
3608579896,TR,2017-10-03
3608677755,TR,2017-10-03
3608894895,TR,2017-10-03
3662735902,TR,2017-10-03
3674259616,TR,2017-10-03
3683312897,TR,2017-10-03
3722380589,TR,2017-10-03
3740559137,RU,2017-10-03
3803601797,TR,2017-10-03
3826741486,TR,2017-10-03
3837073473,TR,2017-10-03
3882453556,DE,2017-10-03
3928628488,TR,2017-10-03
3958661901,TR,2017-10-03
3990787163,TR,2017-10-03
3993293248,RU,2017-10-03
4010405116,TR,2017-10-03
4026036449,TR,2017-10-03
4049697973,TR,2017-10-03
4111184944,TR,2017-10-03
4166261177,RU,2017-10-03
4188704963,TR,2017-10-03
4213572381,RU,2017-10-03
4260006022,TR,2017-10-03
4267568780,TR,2017-10-03
4274607197,TR,2017-10-03
4294008017,TR,2017-10-03
4303231153,TR,2017-10-03
4304332235,RU,2017-10-03
4346145681,TR,2017-10-03
4386822081,RU,2017-10-03
4440621335,TR,2017-10-03
4460767336,DE,2017-10-03
4526348361,TR,2017-10-03
4526521475,TR,2017-10-03
4546289063,TR,2017-10-03
4573876514,DE,2017-10-03
4743939435,TR,2017-10-03
4783697260,TR,2017-10-03
4784120391,TR,2017-10-03
4807693426,RU,2017-10-03
4818162017,TR,2017-10-03
4833097427,TR,2017-10-03
4834525629,DE,2017-10-03
4850695835,TR,2017-10-03
4858580423,TR,2017-10-03
4864570096,TR,2017-10-03
4871695192,DE,2017-10-03
4878771694,DE,2017-10-03
4894645479,DE,2017-10-03
4908638709,TR,2017-10-03
4920894004,TR,2017-10-03
4924533179,TR,2017-10-03
699692283407548416,TR,2017-10-03
701059208343642113,TR,2017-10-03
704748003756797952,TR,2017-10-03
708339126194577408,TR,2017-10-03
711538469466738688,TR,2017-10-03
713099723813494785,DE,2017-10-03
713416703439454210,TR,2017-10-03
714130794822901762,TR,2017-10-03
714520087932379137,DE,2017-10-03
715942149410439168,TR,2017-10-03
717864675283767296,DE,2017-10-03
718333765202878468,TR,2017-10-03
720261539144421377,DE,2017-10-03
722941898323791872,TR,2017-10-03
725058182834327552,DE,2017-10-03
725058182834327552,FR,2017-10-03
727880458369802245,DE,2017-10-03
728436509431357440,DE,2017-10-03
732179319104122885,TR,2017-10-03
732931324722487300,TR,2017-10-03
733911930319065088,DE,2017-10-03
734540912248913920,TR,2017-10-03
736077089955139584,TR,2017-10-03
737322086411210756,TR,2017-10-03
738153522277945344,DE,2017-10-03
738287232264593408,DE,2017-10-03
742317610566582272,DE,2017-10-03
745926065785344000,TR,2017-10-03
746285831359434752,TR,2017-10-03
748127127829094401,DE,2017-10-03
748232179243683840,TR,2017-10-03
752576622893621249,TR,2017-10-03
755713396838952960,TR,2017-10-03
758725446162931712,TR,2017-10-03
759266194759290881,FR,2017-10-03
759338281565822978,TR,2017-10-03
762688087273111552,FR,2017-10-03
763025124694040576,TR,2017-10-03
763122573433503744,DE,2017-10-03
763806582274744320,TR,2017-10-03
764932334525218817,TR,2017-10-03
770318415395446788,TR,2017-10-03
773270497350082560,TR,2017-10-03
776477107526496256,TR,2017-10-03
777604858308206592,TR,2017-10-03
781403641395683329,TR,2017-10-03
785635359111520257,FR,2017-10-03
786199651607203845,TR,2017-10-03
786703045207945216,TR,2017-10-03
791105297066491904,TR,2017-10-03
794965017980469248,DE,2017-10-03
795007936103849986,DE,2017-10-03
798222820757086210,TR,2017-10-03
800057665875574785,FR,2017-10-03
801393789915037696,TR,2017-10-03
801829433187454976,DE,2017-10-03
802078462513152001,DE,2017-10-03
803008702160769024,DE,2017-10-03
804327107887140865,DE,2017-10-03
804362645193117696,DE,2017-10-03
804362645193117696,FR,2017-10-03
804432464462708736,FR,2017-10-03
806465743957225474,TR,2017-10-03
808458192405536768,DE,2017-10-03
809144190277996544,TR,2017-10-03
811667167741669376,FR,2017-10-03
812025406077419520,DE,2017-10-03
814766398119571456,DE,2017-10-03
816801917569560576,FR,2017-10-03
817323211922833409,TR,2017-10-03
817776862218907648,FR,2017-10-03
819185858083336193,DE,2017-10-03
819246635255558144,DE,2017-10-03
821393768754675712,DE,2017-10-03
821451193478221825,FR,2017-10-03
821959779010613249,DE,2017-10-03
823193509410770945,TR,2017-10-03
824050433203245056,DE,2017-10-03
824151694946738176,TR,2017-10-03
824200692218920960,TR,2017-10-03
824637734295928832,TR,2017-10-03
824943718302089216,TR,2017-10-03
825044144313733120,TR,2017-10-03
825148946091753472,DE,2017-10-03
825348176509018116,DE,2017-10-03
825348176509018116,FR,2017-10-03
827085304188239872,TR,2017-10-03
828373918373277696,DE,2017-10-03
831921710370869252,TR,2017-10-03
833051130238218240,DE,2017-10-03
833387210258968576,TR,2017-10-03
834292682239283201,DE,2017-10-03
834483735559077889,TR,2017-10-03
837345389917450243,TR,2017-10-03
837722466986381312,TR,2017-10-03
838455816646701057,TR,2017-10-03
839189499112476672,TR,2017-10-03
839710157827420160,TR,2017-10-03
839789297712644100,TR,2017-10-03
839805048708300801,TR,2017-10-03
840316935447408640,TR,2017-10-03
843371048720580608,DE,2017-10-03
846425639674621955,TR,2017-10-03
847181197939806208,TR,2017-10-03
848760557087801344,FR,2017-10-03
852152655543771136,FR,2017-10-03
852495615602851841,DE,2017-10-03
854533997942239233,DE,2017-10-03
854552647222906882,TR,2017-10-03
854838295305494528,DE,2017-10-03
855063973485576194,DE,2017-10-03
855356924560322561,DE,2017-10-03
855370790371561476,DE,2017-10-03
857150034118406144,DE,2017-10-03
863146430155935745,FR,2017-10-03
864440669636395008,DE,2017-10-03
865492166272888832,TR,2017-10-03
866955690279149568,TR,2017-10-03
869625019210530817,DE,2017-10-03
869625019210530817,FR,2017-10-03
870227763604664320,TR,2017-10-03
871073155846221825,FR,2017-10-03
871650706381561856,DE,2017-10-03
874354339929890820,DE,2017-10-03
874354339929890820,FR,2017-10-03
878740360704479233,FR,2017-10-03
879684860675211264,DE,2017-10-03
880230384927199235,DE,2017-10-03
881760844593459200,DE,2017-10-03
883812364705038336,DE,2017-10-03
888202515954761728,DE,2017-10-03
888677700608700416,DE,2017-10-03
888859041941860352,FR,2017-10-03
889144359865679872,FR,2017-10-03
889193705214750720,TR,2017-10-03
889719486697414656,DE,2017-10-03
890748598354288640,FR,2017-10-03
891772630470098944,TR,2017-10-03
891857390483668995,DE,2017-10-03
892177433893511169,DE,2017-10-03
896201193780895748,DE,2017-10-03
896467032274817024,DE,2017-10-03
896655716542316545,DE,2017-10-03
896655716542316545,FR,2017-10-03
902391707546914816,FR,2017-10-03
902726499094147072,DE,2017-10-03
902954022398812161,DE,2017-10-03
82613482,IN,2017-10-04
85609142,TR,2017-10-04
111437703,TR,2017-10-04
223401306,TR,2017-10-04
226153494,TR,2017-10-04
261414756,TR,2017-10-04
268051742,TR,2017-10-04
314815983,TR,2017-10-04
334318803,TR,2017-10-04
368169518,TR,2017-10-04
381994185,TR,2017-10-04
399308300,TR,2017-10-04
400367367,TR,2017-10-04
428841793,TR,2017-10-04
451604988,TR,2017-10-04
518783255,TR,2017-10-04
533181235,TR,2017-10-04
703280869,TR,2017-10-04
715254163,TR,2017-10-04
742598640,TR,2017-10-04
761966095,TR,2017-10-04
804198577,TR,2017-10-04
841532286,TR,2017-10-04
845020554,TR,2017-10-04
915053558,TR,2017-10-04
989248891,TR,2017-10-04
1058745000,TR,2017-10-04
1096976022,TR,2017-10-04
1112981522,TR,2017-10-04
1327447831,TR,2017-10-04
1451778230,RU,2017-10-04
1512118374,TR,2017-10-04
1528527474,TR,2017-10-04
1604069844,TR,2017-10-04
1667947458,TR,2017-10-04
1880885755,TR,2017-10-04
2225934435,TR,2017-10-04
2257902144,TR,2017-10-04
2285940547,TR,2017-10-04
2309028738,TR,2017-10-04
2325888692,FR,2017-10-04
2375855172,DE,2017-10-04
2391869057,TR,2017-10-04
2402411729,TR,2017-10-04
2430819758,TR,2017-10-04
2497534509,TR,2017-10-04
2508789031,TR,2017-10-04
2518761755,TR,2017-10-04
2566882694,TR,2017-10-04
2620807340,TR,2017-10-04
2719756028,TR,2017-10-04
2731534341,TR,2017-10-04
2735287533,TR,2017-10-04
2788746789,TR,2017-10-04
2830519226,TR,2017-10-04
2844460698,TR,2017-10-04
2844774913,TR,2017-10-04
2850307120,TR,2017-10-04
2880902203,TR,2017-10-04
2882292113,TR,2017-10-04
2899547433,TR,2017-10-04
2938117259,TR,2017-10-04
2946345999,TR,2017-10-04
2971370008,TR,2017-10-04
2996805866,TR,2017-10-04
3006015070,TR,2017-10-04
3006756438,TR,2017-10-04
3008480613,TR,2017-10-04
3012885232,TR,2017-10-04
3014355280,TR,2017-10-04
3027782027,TR,2017-10-04
3029811460,TR,2017-10-04
3074858477,TR,2017-10-04
3088416441,TR,2017-10-04
3088806526,TR,2017-10-04
3096876399,TR,2017-10-04
3115008519,TR,2017-10-04
3129314311,TR,2017-10-04
3193146342,TR,2017-10-04
3231083908,TR,2017-10-04
3234289858,TR,2017-10-04
3253090793,TR,2017-10-04
3295113841,TR,2017-10-04
3309285873,TR,2017-10-04
3312091571,TR,2017-10-04
3333352816,TR,2017-10-04
3339842608,TR,2017-10-04
3389645158,TR,2017-10-04
3391672059,TR,2017-10-04
3398828147,TR,2017-10-04
3400272041,TR,2017-10-04
3422949437,TR,2017-10-04
3426694402,TR,2017-10-04
3538692376,TR,2017-10-04
3570004037,TR,2017-10-04
3610277122,TR,2017-10-04
3611345841,TR,2017-10-04
3645981437,TR,2017-10-04
3655873636,TR,2017-10-04
3719757934,TR,2017-10-04
3732895697,TR,2017-10-04
3863681656,TR,2017-10-04
3920766257,TR,2017-10-04
4198057708,DE,2017-10-04
4263884553,TR,2017-10-04
4279296869,DE,2017-10-04
4286051926,TR,2017-10-04
4387468755,TR,2017-10-04
4501562909,TR,2017-10-04
4535928455,TR,2017-10-04
4631602054,TR,2017-10-04
4698621932,TR,2017-10-04
700767335066370048,TR,2017-10-04
712720320923361280,TR,2017-10-04
713083762003812353,TR,2017-10-04
733193637547397120,TR,2017-10-04
738410409699495936,TR,2017-10-04
784476320923262976,TR,2017-10-04
819661849536954368,DE,2017-10-04
824772405767860232,TR,2017-10-04
855100390630711296,TR,2017-10-04
871529762933555200,DE,2017-10-04
875643641678635008,TR,2017-10-04
895856768005193728,FR,2017-10-04
545864291,IN,2017-10-05
1211909192,TR,2017-10-05
2945854365,TR,2017-10-05
2971548531,DE,2017-10-05
707575449166209024,IN,2017-10-05
105181037,DE,2017-10-10
383744457,DE,2017-10-10
496066280,DE,2017-10-10
2186621011,DE,2017-10-10
2328640255,BR,2017-10-10
2544538420,DE,2017-10-10
2604202312,DE,2017-10-10
2681177198,DE,2017-10-10
2752937765,DE,2017-10-10
2760261404,DE,2017-10-10
2914247974,DE,2017-10-10
3054088254,DE,2017-10-10
3071032174,DE,2017-10-10
3110915034,DE,2017-10-10
3110915034,FR,2017-10-10
3139542437,DE,2017-10-10
3423257001,DE,2017-10-10
3618184156,DE,2017-10-10
3644931694,DE,2017-10-10
4354762337,DE,2017-10-10
4725307901,DE,2017-10-10
4804648622,DE,2017-10-10
4821850348,DE,2017-10-10
4825750705,DE,2017-10-10
4920456185,DE,2017-10-10
703698457383583745,DE,2017-10-10
735685308969144320,DE,2017-10-10
739896136014696450,DE,2017-10-10
759388867791351809,DE,2017-10-10
763077758805213184,DE,2017-10-10
766248947987914752,DE,2017-10-10
768532835175133184,DE,2017-10-10
772581494598541312,DE,2017-10-10
778608026739675137,DE,2017-10-10
793057441202176000,DE,2017-10-10
798514679622602753,DE,2017-10-10
813646095192588288,DE,2017-10-10
814467009635348480,DE,2017-10-10
816398569846538240,DE,2017-10-10
821813954305527809,DE,2017-10-10
825105440589639681,DE,2017-10-10
827148949991673856,DE,2017-10-10
830966706134593538,DE,2017-10-10
842882117046624256,DE,2017-10-10
847383598281904128,DE,2017-10-10
850275507358662657,DE,2017-10-10
850992499883692037,DE,2017-10-10
851831959483539457,DE,2017-10-10
852517785783730176,DE,2017-10-10
853186053154504704,DE,2017-10-10
857178840208158720,DE,2017-10-10
857215204098265088,DE,2017-10-10
867096865493442560,DE,2017-10-10
874727007938105345,DE,2017-10-10
900315047523700736,DE,2017-10-10
35454721,RU,2017-10-16
41401513,RU,2017-10-16
93399809,RU,2017-10-16
123983561,FR,2017-10-16
129018139,RU,2017-10-16
148903549,RU,2017-10-16
160015617,DE,2017-10-16
191409094,RU,2017-10-16
225090469,IN,2017-10-16
239865886,RU,2017-10-16
243081824,RU,2017-10-16
248166096,RU,2017-10-16
248999655,IN,2017-10-16
255891030,RU,2017-10-16
257168336,RU,2017-10-16
257387729,RU,2017-10-16
265263882,DE,2017-10-16
266723795,RU,2017-10-16
281436300,RU,2017-10-16
287533657,RU,2017-10-16
331487598,RU,2017-10-16
337661889,RU,2017-10-16
350214715,FR,2017-10-16
374315940,DE,2017-10-16
412564040,FR,2017-10-16
413312511,RU,2017-10-16
443454624,RU,2017-10-16
456973053,RU,2017-10-16
465619194,DE,2017-10-16
489762508,RU,2017-10-16
491682529,FR,2017-10-16
536366335,TR,2017-10-16
554551794,DE,2017-10-16
557291343,RU,2017-10-16
561868273,RU,2017-10-16
577065470,RU,2017-10-16
630302721,RU,2017-10-16
739002637,RU,2017-10-16
858244530,IN,2017-10-16
900525506,TR,2017-10-16
932787787,TR,2017-10-16
983105808,RU,2017-10-16
1027321190,FR,2017-10-16
1084412492,DE,2017-10-16
1125097482,RU,2017-10-16
1141924980,RU,2017-10-16
1194599958,DE,2017-10-16
1292580415,DE,2017-10-16
1475796312,RU,2017-10-16
1587735252,TR,2017-10-16
1661127733,RU,2017-10-16
1713085346,FR,2017-10-16
1906446162,DE,2017-10-16
2201419777,TR,2017-10-16
2241111117,DE,2017-10-16
2294079247,TR,2017-10-16
2305000526,RU,2017-10-16
2354898511,TR,2017-10-16
2366044996,FR,2017-10-16
2406640867,RU,2017-10-16
2446433042,FR,2017-10-16
2649374550,FR,2017-10-16
2669896770,FR,2017-10-16
2679532122,RU,2017-10-16
2715433260,DE,2017-10-16
2728435823,RU,2017-10-16
2808344600,FR,2017-10-16
2844995068,FR,2017-10-16
2936005240,RU,2017-10-16
2941415633,DE,2017-10-16
2970835618,DE,2017-10-16
2999695853,TR,2017-10-16
3026893280,TR,2017-10-16
3034402550,RU,2017-10-16
3039423185,FR,2017-10-16
3041857808,DE,2017-10-16
3058423720,IN,2017-10-16
3089497123,RU,2017-10-16
3253525879,RU,2017-10-16
3305038880,RU,2017-10-16
3337231204,DE,2017-10-16
3372101427,DE,2017-10-16
3426377417,FR,2017-10-16
3844673595,FR,2017-10-16
4172971115,TR,2017-10-16
4241665774,FR,2017-10-16
4276933889,DE,2017-10-16
4356465075,DE,2017-10-16
4439991262,DE,2017-10-16
4709334801,FR,2017-10-16
4798325296,DE,2017-10-16
4867243030,BR,2017-10-16
4903205061,FR,2017-10-16
696741020801884162,DE,2017-10-16
701679359334096896,DE,2017-10-16
702538306190450689,DE,2017-10-16
709100983897473024,FR,2017-10-16
712036384962420737,RU,2017-10-16
715958221261971456,DE,2017-10-16
716576052047388673,DE,2017-10-16
725314701769474048,RU,2017-10-16
731370331026403328,RU,2017-10-16
736517645722259457,IN,2017-10-16
742748558265290752,FR,2017-10-16
744073366689058818,IN,2017-10-16
745374194993627136,FR,2017-10-16
748795602331246592,DE,2017-10-16
754455432815579136,DE,2017-10-16
756426553148440576,DE,2017-10-16
758824419372380160,DE,2017-10-16
759110314025680896,DE,2017-10-16
762683865202888704,RU,2017-10-16
768418934668140545,RU,2017-10-16
769524005925781504,FR,2017-10-16
773424222706212864,DE,2017-10-16
781933834166231040,DE,2017-10-16
783882530625757184,DE,2017-10-16
792817281231384576,FR,2017-10-16
799665305282703360,DE,2017-10-16
811265816683540480,DE,2017-10-16
815658022911537153,DE,2017-10-16
816461260728438784,FR,2017-10-16
816614096376332288,FR,2017-10-16
817905570455949312,DE,2017-10-16
818896327740456960,DE,2017-10-16
819795034333532160,DE,2017-10-16
825765346682486784,DE,2017-10-16
826369612442906624,FR,2017-10-16
826506530354757633,DE,2017-10-16
832767208853958657,FR,2017-10-16
833756953709015043,DE,2017-10-16
834062833574932480,DE,2017-10-16
834809909233455104,DE,2017-10-16
835879834844819456,DE,2017-10-16
841681792709083137,IN,2017-10-16
843840830871932928,FR,2017-10-16
855429030031613953,DE,2017-10-16
856268870302269440,DE,2017-10-16
859061657225621506,DE,2017-10-16
859747054192611328,DE,2017-10-16
861886486022586368,FR,2017-10-16
862631013385744384,DE,2017-10-16
863651687348797440,DE,2017-10-16
863713258779193345,FR,2017-10-16
864987789661786113,FR,2017-10-16
865234421296877568,FR,2017-10-16
866275477677367296,FR,2017-10-16
866327227205640192,DE,2017-10-16
866505229646409730,DE,2017-10-16
866931960249282560,DE,2017-10-16
867359489825099776,DE,2017-10-16
867597873420128256,FR,2017-10-16
867785473988624385,FR,2017-10-16
868591437058904064,DE,2017-10-16
869193235918454786,FR,2017-10-16
869473043311153152,DE,2017-10-16
872235734077513732,DE,2017-10-16
872415849130405888,DE,2017-10-16
873649484454133761,DE,2017-10-16
875450803363905536,FR,2017-10-16
886055958593511428,DE,2017-10-16
888924148646522880,DE,2017-10-16
889900249057251329,DE,2017-10-16
890656822515728384,DE,2017-10-16
892069565169111043,DE,2017-10-16
893268147372937216,DE,2017-10-16
893614453387702272,FR,2017-10-16
897581786443780096,FR,2017-10-16
902494271542046720,FR,2017-10-16
904619713417822208,DE,2017-10-16
906445552606437376,DE,2017-10-16
906684996177551360,FR,2017-10-16
907644290968539138,FR,2017-10-16
908655541752393728,DE,2017-10-16
909127684642484225,DE,2017-10-16
909175556196925441,DE,2017-10-16
724235950000361474,FR,2017-10-17
37020028,FR,2017-10-18
4054516822,FR,2017-10-18
822868557394542592,GB,2017-10-18
898381357243486208,FR,2017-10-18
914821696200347649,DE,2017-10-19
52871121,DE,2017-10-20
1639665782,DE,2017-10-20
2231091494,RU,2017-10-20
803213533471186948,DE,2017-10-20
882438246462095360,DE,2017-10-20
890659167991726080,DE,2017-10-20
898400234295894016,DE,2017-10-20
905400313083027456,DE,2017-10-20
915294702454353920,DE,2017-10-20
918469734080815104,DE,2017-10-20
918703041875865601,DE,2017-10-20
919562757619535872,FR,2017-10-20
75276840,FR,2017-10-25
4573876514,FR,2017-10-25
891030911575314432,FR,2017-10-25
919562757619535872,DE,2017-10-25
2862557289,DE,2017-11-02
3089155533,FR,2017-11-02
742141184626167808,FR,2017-11-02
841402626063372288,FR,2017-11-02
880230384927199235,FR,2017-11-02
554626662,FR,2017-12-07
2291568336,DE,2017-12-07
806842705561133056,FR,2017-12-07
811145990141050880,FR,2017-12-07
821525025530355712,FR,2017-12-07
869193235918454786,DE,2017-12-07
887788681683234817,FR,2017-12-07
47063293,DE,2017-12-08
88014940,DE,2017-12-08
189573798,DE,2017-12-08
222074407,DE,2017-12-08
247055399,DE,2017-12-08
247055399,FR,2017-12-08
294743789,DE,2017-12-08
558014468,DE,2017-12-08
565551374,DE,2017-12-08
584155977,DE,2017-12-08
587364278,DE,2017-12-08
824603406,DE,2017-12-08
898830955,DE,2017-12-08
1035311467,DE,2017-12-08
1225412292,DE,2017-12-08
1238622991,DE,2017-12-08
1340551610,DE,2017-12-08
1374185330,DE,2017-12-08
1389439735,DE,2017-12-08
1465242439,DE,2017-12-08
1579943786,DE,2017-12-08
1900800816,DE,2017-12-08
2322698371,DE,2017-12-08
2384621892,DE,2017-12-08
2386862304,DE,2017-12-08
2479918915,DE,2017-12-08
2499702409,DE,2017-12-08
2582640061,DE,2017-12-08
2696733140,DE,2017-12-08
2696733140,FR,2017-12-08
2706487808,DE,2017-12-08
2829208217,DE,2017-12-08
2841998391,RU,2017-12-08
2874009489,DE,2017-12-08
2961037665,DE,2017-12-08
3061967496,DE,2017-12-08
3061967496,FR,2017-12-08
3091014618,DE,2017-12-08
3153646922,DE,2017-12-08
3179113993,DE,2017-12-08
3207135171,DE,2017-12-08
3260290101,DE,2017-12-08
3344453774,DE,2017-12-08
3598796772,DE,2017-12-08
3958944796,DE,2017-12-08
4078461497,DE,2017-12-08
4100305161,DE,2017-12-08
4492053633,DE,2017-12-08
4643763201,DE,2017-12-08
4714865775,DE,2017-12-08
4718953545,DE,2017-12-08
4819330401,DE,2017-12-08
705084331996418048,DE,2017-12-08
759343857079312384,DE,2017-12-08
779019018183335937,DE,2017-12-08
801002568231059456,DE,2017-12-08
821930778422603776,DE,2017-12-08
824696571111600133,DE,2017-12-08
833938312893186048,DE,2017-12-08
839363597062959104,DE,2017-12-08
841473707604336640,DE,2017-12-08
848484906263080960,DE,2017-12-08
848484906263080960,FR,2017-12-08
851671765013204992,DE,2017-12-08
853002885533138946,DE,2017-12-08
855592904265519106,FR,2017-12-08
859196243796471808,DE,2017-12-08
868248853312438272,DE,2017-12-08
868589866543665152,DE,2017-12-08
869484705032413184,FR,2017-12-08
870714115366338560,DE,2017-12-08
871797540538265601,TR,2017-12-08
878816734437928960,DE,2017-12-08
883589552639799296,DE,2017-12-08
883628737820057601,DE,2017-12-08
884916319673561088,DE,2017-12-08
886700896008253441,DE,2017-12-08
886727001712713733,DE,2017-12-08
892846252601298948,DE,2017-12-08
896944734790340609,DE,2017-12-08
896944734790340609,FR,2017-12-08
897388762212298753,DE,2017-12-08
907369423018885120,DE,2017-12-08
907725375920234496,DE,2017-12-08
911327201408290816,DE,2017-12-08
911327201408290816,FR,2017-12-08
912108102459179009,DE,2017-12-08
912108102459179009,FR,2017-12-08
914437654711857152,DE,2017-12-08
914482289194790913,DE,2017-12-08
915199555033010177,DE,2017-12-08
915298059722067968,DE,2017-12-08
916308725408960512,DE,2017-12-08
916375127213924352,DE,2017-12-08
916402117191000064,DE,2017-12-08
917058138179801088,DE,2017-12-08
917058138179801088,FR,2017-12-08
917090134339784704,DE,2017-12-08
917270250642485248,DE,2017-12-08
917494488293101568,DE,2017-12-08
917494488293101568,FR,2017-12-08
919561303433281536,FR,2017-12-08
919579610618134528,DE,2017-12-08
919622839556337664,DE,2017-12-08
920015742015336448,DE,2017-12-08
921127834625622016,DE,2017-12-08
921130347718377475,FR,2017-12-08
921520435556245504,DE,2017-12-08
921520435556245504,FR,2017-12-08
922453967354949632,DE,2017-12-08
923483118056509441,DE,2017-12-08
924235986367692801,DE,2017-12-08
925062588068536320,FR,2017-12-08
925363576650465280,DE,2017-12-08
925368803202162689,FR,2017-12-08
925706223000973313,DE,2017-12-08
925706223000973313,FR,2017-12-08
925736712856330241,DE,2017-12-08
928307446472359936,DE,2017-12-08
929366069927661568,FR,2017-12-08
931895052397314049,DE,2017-12-08
934249779063861248,DE,2017-12-08
934249779063861248,FR,2017-12-08
934346534514081792,DE,2017-12-08
808988180,TR,2017-12-15
1191116444,DE,2017-12-15
2456037419,DE,2017-12-15
729789047451848704,FR,2017-12-15
753466931529809920,FR,2017-12-15
753611993114894336,FR,2017-12-15
861102840537853953,DE,2017-12-15
888743410668101632,FR,2017-12-15
904380634847694848,DE,2017-12-15
917125104668073985,DE,2017-12-15
917125104668073985,FR,2017-12-15
919532040231452673,DE,2017-12-15
924461639943954432,DE,2017-12-15
925915799583412224,DE,2017-12-15
931895052397314049,FR,2017-12-15
587898499,FR,2017-12-16
2923771883,DE,2017-12-16
916991186673586176,FR,2017-12-16
922938038170390528,DE,2017-12-16
924979559673548800,DE,2017-12-18
115550802,FR,2018-01-11
225418471,DE,2018-01-11
851534917121040384,FR,2018-01-11
946228045320421376,FR,2018-01-11
